"","鄉鎮市區","交易標的","土地位置建物門牌","土地移轉總面積平方公尺","都市土地使用分區","交易年月日","交易筆棟數","移轉層次","總樓層數","建物型態","主要用途","建築完成年月","建物移轉總面積平方公尺","建物現況格局.房","建物現況格局.廳","建物現況格局.衛","建物現況格局.隔間","有無管理組織","總價元","單價元平方公尺","車位類別","車位總價元","主建物面積","附屬建物面積","陽台面積","電梯"
"1","松山區","房地(土地+建物)","臺北市松山區八德路三段１２巷５７弄７號二樓","45.5","都市：其他:第三種住宅區。","1110903","土地2建物1車位0","二層","四層","公寓(5樓含以下無電梯)","住家用","","99.05","3","2","2","有","無","24000000","242302","","0",99.05,0,0,"無"
"2","中山區","房地(土地+建物)","臺北市中山區中山北路二段７７巷２９號七樓之５","4.54","商","1110901","土地1建物1車位0","七層","十一層","住宅大樓(11層含以上有電梯)","住家用","0660907","32.25","1","1","1","有","有","6660000","206512","","0",32.25,0,0,"有"
"3","北投區","房地(土地+建物)","臺北市北投區溫泉路７１號六樓之２９","3.49","都市：其他:特定觀光商業專用區。","1110906","土地1建物1車位0","六層","七層","華廈(10層含以下有電梯)","住家用","0700218","26.580000000000002","1","1","1","有","有","3000000","112867","","0",18.85,0,4.02,"有"
"4","大安區","房地(土地+建物)","臺北市大安區基隆路二段１３２巷２９號","5.62","都市：其他:第三種住宅區。","1110902","土地2建物1車位0","一層","七層","華廈(10層含以下有電梯)","住家用","","15.87","4","1","2","有","無","3000000","189036","","0",15.87,0,0,"有"
"5","士林區","房地(土地+建物)","臺北市士林區通河街３２３巷４９之１號","1.17","住","1110908","土地1建物1車位0","一層","五層","公寓(5樓含以下無電梯)","住家用","0591210","2.95","1","1","1","有","有","530000","179661","","0",2.63,0.18,0.14,"無"
"6","大安區","房地(土地+建物)","臺北市大安區雲和街８８號五樓","38.7","住","1110901","土地1建物1車位0","五層","五層","公寓(5樓含以下無電梯)","住家用","0700313","146.86","4","2","2","有","無","30000000","204276","","0",119.68,8.89,18.29,"無"
"7","大安區","房地(土地+建物)","臺北市大安區新生南路三段１１巷２之１號三樓","37.7","住","1110907","土地2建物1車位0","三層","五層","公寓(5樓含以下無電梯)","住家用","0730824","130.92","3","2","2","有","無","28800000","219982","","0",114.88,0,12.72,"無"
"8","文山區","房地(土地+建物)+車位","臺北市文山區萬壽路６１巷３號十樓","66.05","住","1110808","土地1建物1車位1","十層，電梯樓梯間","十五層","住宅大樓(11層含以上有電梯)","住家用","0841220","134.7","2","2","2","有","有","13800000","102450","坡道平面","0",110.78,0.7,10.02,"有"
"9","萬華區","房地(土地+建物)+車位","臺北市萬華區長沙街二段６１號十樓","11.95","商","1110815","土地1建物1車位1","十層","十五層","住宅大樓(11層含以上有電梯)","住家用","1010119","137.26999999999998","5","2","2","有","有","22800000","175395","塔式車位","1500000",73.33,0,0,"有"
"10","內湖區","房地(土地+建物)+車位","臺北市內湖區陽光街９２巷２５弄１９號十樓之１","12.06","住","1110804","土地1建物1車位1","十層","十層","華廈(10層含以下有電梯)","住家用","1021101","75.32","1","2","1","有","有","21880000","290494","塔式車位","0",29.1,1.57,3.6,"有"
"11","中山區","房地(土地+建物)","臺北市中山區天祥路８號二樓","6.07","商","1110808","土地2建物1車位0","二層","七層","華廈(10層含以下有電梯)","住家用","0791027","107.89","3","2","1","有","無","24000000","222449","","0",88.64,4.17,9.8,"有"
"12","南港區","房地(土地+建物)+車位","臺北市南港區經貿二路２３５巷３２號八樓","20.18","住","1110805","土地1建物1車位1","八層","十層","華廈(10層含以下有電梯)","住家用","1031002","118.10000000000001","2","2","2","有","有","32500000","275191","坡道機械","0",64.31,1.22,6.37,"有"
"13","北投區","房地(土地+建物)","臺北市北投區石牌路二段３３１巷７號五樓","48.73","住","1110809","土地1建物1車位0","五層","五層","公寓(5樓含以下無電梯)","住家用","0770719","131.35000000000002","3","2","2","有","無","19000000","144652","","0",115.84,0,12.71,"無"
"14","士林區","房地(土地+建物)","臺北市士林區德行東路２９８號四樓","36.31","住","1110802","土地3建物1車位0","四層","五層","公寓(5樓含以下無電梯)","住家用","0690626","125.51","3","2","2","有","無","17000000","135447","","0",112.53,0,12.98,"無"
"15","北投區","房地(土地+建物)","臺北市北投區懷德街９８巷２４號三樓","38.75","住","1110807","土地1建物1車位0","三層","四層","公寓(5樓含以下無電梯)","住家用","0581119","100.8","2","2","2","有","無","20000000","198413","","0",100.8,0,0,"無"
"16","大安區","房地(土地+建物)","臺北市大安區大安路一段５２巷２３號六樓","11.31","住","1110812","土地2建物1車位0","六層","七層","華廈(10層含以下有電梯)","住家用","0670322","46.46","3","2","2","有","有","12736400","274137","","0",33.94,0,6.62,"有"
"17","中正區","房地(土地+建物)+車位","臺北市中正區羅斯福路三段２號二十一樓之２","37.76","商","1110829","土地2建物1車位2","二十一層","二十四層","住宅大樓(11層含以上有電梯)","住家用","1060425","394.33000000000004","4","2","3","有","有","99988899","253567","坡道平面","0",200.89,12.36,10.08,"有"
"18","中山區","房地(土地+建物)","臺北市中山區龍江路３９７巷４０號二樓","29.1","住","1110807","土地1建物1車位0","二層","五層","公寓(5樓含以下無電梯)","住家用","0701130","103.72","3","2","2","有","無","20000000","192827","","0",88.14,0,15.58,"無"
"19","大安區","房地(土地+建物)","臺北市大安區光復南路６９６號五樓之５","4.56","商","1110802","土地2建物1車位0","五層","十四層","住宅大樓(11層含以上有電梯)","住家用","1011120","44.58","1","1","1","有","有","14400000","323015","","0",22.02,0,8.01,"有"
"20","信義區","房地(土地+建物)","臺北市信義區忠孝東路五段３１巷１８弄１９號二樓","13.26","都市：其他:第三種住宅區。","1110801","土地2建物1車位0","二層","七層","華廈(10層含以下有電梯)","住家用","0970918","50.09","3","1","1","有","有","15500000","309443","","0",25.35,4.52,4.81,"有"
"21","北投區","房地(土地+建物)","臺北市北投區中和街４５８巷４４弄８號","67.0","住","1110809","土地1建物1車位0","全","二層","透天厝","住家用","0620605","70.5","3","2","2","有","無","15600000","221277","","0",70.5,0,0,"無"
"22","士林區","房地(土地+建物)","臺北市士林區福港街１２９巷５號二樓","31.83","商","1110807","土地2建物1車位0","二層，陽臺","四層","公寓(5樓含以下無電梯)","住家用","0640506","98.4","3","2","2","有","無","12000000","121951","","0",98.4,0,0,"無"
"23","松山區","房地(土地+建物)","臺北市松山區八德路四段４４５號五樓之８","3.74","商","1110817","土地1建物1車位0","五層","十四層","住宅大樓(11層含以上有電梯)","住家用","0970205","38.51","1","1","1","有","有","9900000","257076","","0",20.57,0.75,2.24,"有"
"24","中山區","房地(土地+建物)","臺北市中山區松江路６４巷７號五樓","15.0","住","1110806","土地1建物1車位0","五層","五層","公寓(5樓含以下無電梯)","住家用","0720110","54.6","2","2","1","有","無","13800000","252747","","0",47.17,0,7.43,"無"
"25","中山區","房地(土地+建物)","臺北市中山區北安路６２１巷４８號五樓","25.15","住","1110810","土地1建物1車位0","五層","七層","華廈(10層含以下有電梯)","住家用","0740705","121.39","3","2","2","有","有","31880000","262625","","0",100.66,1.67,10.04,"有"
"26","中山區","房地(土地+建物)","臺北市中山區新生北路二段１３３巷１８號三樓之３","7.13","商","1110817","土地1建物1車位0","三層","六層","華廈(10層含以下有電梯)","住家用","0690110","33.4","1","1","1","有","有","5200000","155689","","0",23.54,0,3.37,"有"
"27","中山區","房地(土地+建物)","臺北市中山區雙城街１９巷８號五樓之８","7.14","商","1110822","土地2建物1車位0","五層","十四層","住宅大樓(11層含以上有電梯)","住家用","0970312","68.0","2","1","1","有","有","16200000","238235","","0",39.7,0.63,5.18,"有"
"28","中山區","房地(土地+建物)","臺北市中山區天祥路２２號二樓","28.2","住","1110815","土地1建物1車位0","二層","四層","公寓(5樓含以下無電梯)","住家用","0610731","118.79","4","2","1","有","無","20000000","168364","","0",118.79,0,0,"無"
"29","內湖區","房地(土地+建物)","臺北市內湖區內湖路三段６０巷１２弄２０號三樓","30.71","住","1110829","土地1建物1車位0","三層","五層","公寓(5樓含以下無電梯)","住家用","0681128","101.61","3","2","2","有","無","15000000","147623","","0",85.4,0,16.21,"無"
"30","中正區","房地(土地+建物)","臺北市中正區忠孝西路一段５０號二十三樓之１１","5.05","商","1110816","土地1建物1車位0","二十三層","二十七層","住宅大樓(11層含以上有電梯)","住家用","0790815","93.77","0","0","0","無","有","23500000","250613","","0",58.24,0,6.67,"有"
"31","士林區","房地(土地+建物)","臺北市士林區天母東路７７之６號五樓","21.35","住","1110809","土地1建物1車位0","五層","七層","華廈(10層含以下有電梯)","住家用","0740508","113.65","3","2","2","有","有","26000000","228773","","0",84.23,0,13.03,"有"
"32","士林區","房地(土地+建物)","臺北市士林區中山北路六段４５０巷２７號三樓","27.92","住","1110813","土地1建物1車位0","三層","五層","公寓(5樓含以下無電梯)","住家用","0740108","106.09","3","2","2","有","無","19200000","180978","","0",88.21,0,9.6,"無"
"33","北投區","房地(土地+建物)","臺北市北投區文林北路２６４號三樓","24.75","住","1110804","土地1建物1車位0","三層","四層","公寓(5樓含以下無電梯)","住家用","0600720","73.76","2","2","1","有","無","14500000","196584","","0",73.76,0,0,"無"
"34","士林區","房地(土地+建物)","臺北市士林區葫蘆街１３５巷１７號五樓","29.99","都市：其他:第三種住宅區。","1110808","土地3建物1車位0","五層","五層","公寓(5樓含以下無電梯)","住家用","0690115","110.37","3","2","1","有","無","11500000","104195","","0",92.55,0,17.82,"無"
"35","松山區","房地(土地+建物)","臺北市松山區民生東路五段１７７巷４之４號二樓","41.0","都市：其他:住宅用地(民生社區特定專用區)。","1110815","土地1建物1車位0","二層，陽臺","四層","公寓(5樓含以下無電梯)","住家用","0610612","93.48","3","2","1","有","無","11600000","124091","","0",93.48,0,0,"無"
"36","松山區","房地(土地+建物)","臺北市松山區新東街２０巷２４號","42.38","都市：其他:住宅用地(民生社區特定專用區)。","1110805","土地1建物1車位0","一層","四層","公寓(5樓含以下無電梯)","住家用","0620608","112.29","3","2","1","有","無","24000000","213732","","0",103.75,0,8.54,"無"
"37","中山區","房地(土地+建物)","臺北市中山區松江路６４巷２２號五樓之１","12.65","商","1110829","土地1建物1車位0","五層","七層","華廈(10層含以下有電梯)","住家用","1051230","66.74000000000001","2","1","1","有","無","17100000","256218","","0",29.01,4.24,6.74,"有"
"38","內湖區","房地(土地+建物)+車位","臺北市內湖區民權東路六段２０６巷１４３弄３號二樓","38.36","住","1110818","土地1建物2車位1","二層","五層","華廈(10層含以下有電梯)","住家用","1020328","109.67","3","2","2","有","有","21300000","194219","坡道平面","0",46.88,7.49,4.05,"有"
"39","中山區","房地(土地+建物)","臺北市中山區新生北路一段５４號六樓之１","7.0","商","1110807","土地1建物1車位0","六層","十四層","住宅大樓(11層含以上有電梯)","住家用","0770613","68.81","2","2","1","有","有","16020000","232815","","0",41.59,0.04,7.89,"有"
"40","萬華區","房地(土地+建物)","臺北市萬華區康定路１０５號二十一樓之１２","3.46","商","1110816","土地1建物1車位0","二十一層","二十六層","住宅大樓(11層含以上有電梯)","住家用","1050331","51.230000000000004","1","1","1","有","有","10660000","208081","","0",30.02,0.61,3.21,"有"
"41","萬華區","房地(土地+建物)","臺北市萬華區東園街６６巷７弄１４之３號三樓","20.61","住","1110812","土地1建物1車位0","三層","五層","公寓(5樓含以下無電梯)","住家用","0850615","74.94","3","1","1","有","有","10000000","133440","","0",45.14,1.1,5.57,"無"
"42","文山區","房地(土地+建物)+車位","臺北市文山區福興路９５巷２３號七樓之１","32.37","住","1110813","土地1建物1車位1","七層","十層","華廈(10層含以下有電梯)","住家用","0890626","129.26999999999998","3","2","2","有","有","18500000","171732","坡道平面","2000000",74.49,0,4.73,"有"
"43","中正區","房地(土地+建物)","臺北市中正區和平西路一段５９號七樓之１７","4.26","商","1110823","土地2建物1車位0","七層","十四層","住宅大樓(11層含以上有電梯)","住家用","0970513","38.12","1","0","1","有","有","14500000","380378","","0",18.39,0,6.35,"有"
"44","文山區","房地(土地+建物)","臺北市文山區景興路４２巷４弄５之１號三樓","34.63","住","1110807","土地1建物1車位0","三層，陽臺","四層","公寓(5樓含以下無電梯)","住家用","0631102","93.05","3","2","1","有","無","14650000","157442","","0",93.05,0,0,"無"
"45","萬華區","房地(土地+建物)","臺北市萬華區萬大路４２４巷１０８號四樓","33.11","住","1110813","土地1建物1車位0","四層","五層","公寓(5樓含以下無電梯)","住家用","0680818","112.59","4","2","3","有","無","16500000","146549","","0",100.39,0,12.2,"無"
"46","萬華區","房地(土地+建物)","臺北市萬華區環河南路一段７１號九樓之２７","1.88","商","1110807","土地1建物1車位0","九層","十二層","住宅大樓(11層含以上有電梯)","住家用","0660829","19.099999999999998","1","0","1","有","有","2250000","117801","","0",15.28,0,0,"有"
"47","中山區","房地(土地+建物)","臺北市中山區民權西路３５號九樓、３５號九樓之１","11.16","商","1110817","土地1建物1車位0","九層","十二層","住宅大樓(11層含以上有電梯)","住家用","0691231","128.19","0","2","2","有","有","24200000","188782","","0",86.14,0,13.7,"有"
"48","內湖區","房地(土地+建物)","臺北市內湖區環山路一段１３６巷１８弄６號三樓","28.64","住","1110820","土地4建物1車位0","三層","四層","公寓(5樓含以下無電梯)","住家用","0660609","76.69","3","2","1","有","無","14050000","183205","","0",68.94,0,7.75,"無"
"49","中山區","房地(土地+建物)+車位","臺北市中山區林森北路４８１號八樓之１","4.7","商","1110811","土地1建物1車位1","八層","十四層","住宅大樓(11層含以上有電梯)","住家用","0920122","63.03","1","1","1","有","有","11110000","176265","坡道機械","0",23.02,0.74,3.11,"有"
"50","內湖區","房地(土地+建物)","臺北市內湖區金湖路３６３巷２５弄１７號","33.93","住","1110823","土地1建物1車位0","一層","五層","華廈(10層含以下有電梯)","住家用","0970416","80.01","2","1","1","有","有","18500000","231221","","0",44.15,4.87,6.33,"有"
"51","內湖區","建物","臺北市內湖區瑞光路２５３巷１５號八樓","0.0","","1110801","土地0建物1車位0","八層","十層","華廈(10層含以下有電梯)","住家用","0860214","140.14","3","2","2","有","有","12800000","91337","","0",95.31,0,9.86,"有"
"52","信義區","房地(土地+建物)","臺北市信義區和平東路三段４３５巷１０弄１８號二樓","17.62","住","1110801","土地1建物1車位0","二層，陽臺","四層","公寓(5樓含以下無電梯)","住家用","","52.63","2","1","1","有","無","12500000","237507","","0",52.63,0,0,"無"
"53","南港區","房地(土地+建物)+車位","臺北市南港區經貿二路１５７巷３６弄１１２號十四樓","46.86","住","1110808","土地1建物1車位2","十四層","二十一層","住宅大樓(11層含以上有電梯)","住家用","1030306","328.03999999999996","4","2","2","有","有","57500000","221708","坡道平面","4800000",144.66,11.86,12.92,"有"
"54","南港區","房地(土地+建物)","臺北市南港區南港路一段１７１巷１之７號","46.0","住","1110812","土地1建物1車位0","全","一層","透天厝","住家用","0501015","44.85","0","1","1","有","無","18800000","419175","","0",44.85,0,0,"無"
"55","士林區","房地(土地+建物)","臺北市士林區天母北路２８巷３９號三樓之１１","7.36","住","1110815","土地1建物1車位0","三層","九層","華廈(10層含以下有電梯)","住家用","0970130","39.44","1","1","1","有","有","11250000","285243","","0",20.4,1.23,2.39,"有"
"56","北投區","房地(土地+建物)+車位","臺北市北投區崗山路２２之１號","47.63","住","1110812","土地1建物1車位1","一層","七層","華廈(10層含以下有電梯)","住家用","0801213","351.87","5","3","3","有","有","18200000","51724","升降平面","0",132.84,184.65,0,"有"
"57","北投區","房地(土地+建物)","臺北市北投區光明路２２０號八樓","9.31","都市：其他:特定觀光商業專用區。","1110817","土地2建物1車位0","八層","十二層","住宅大樓(11層含以上有電梯)","住家用","0670104","108.47","3","1","2","有","有","14500000","133678","","0",80.62,0,10.8,"有"
"58","士林區","房地(土地+建物)","臺北市士林區忠誠路一段１６巷１４弄６號四樓","22.03","住","1110815","土地2建物1車位0","四層","五層","公寓(5樓含以下無電梯)","住家用","0750430","123.05999999999999","3","2","2","有","有","23650000","192183","","0",80,22.29,8.53,"無"
"59","文山區","房地(土地+建物)+車位","臺北市文山區辛亥路四段７７巷９２弄３號八樓","129.27","住","1110813","土地3建物1車位1","八層","十一層","住宅大樓(11層含以上有電梯)","住家用","0920922","225.03","4","2","2","有","有","34000000","151091","坡道平面","0",124.62,0,20.47,"有"
"60","文山區","房地(土地+建物)","臺北市文山區興隆路三段１８５巷５弄２號五樓","35.42","住","1110815","土地7建物1車位0","五層","五層","公寓(5樓含以下無電梯)","住家用","0720823","108.00999999999999","3","2","2","有","有","10400000","96287","","0",71.27,9.46,15.49,"無"
"61","大安區","房地(土地+建物)","臺北市大安區延吉街１７９號九樓","11.64","住","1110829","土地1建物1車位0","九層","十四層","住宅大樓(11層含以上有電梯)","住家用","0721130","122.91","2","2","2","有","有","39800000","323814","","0",86.79,0,14.33,"有"
"62","中正區","房地(土地+建物)","臺北市中正區連雲街２６巷３號三樓","11.68","住","1110813","土地1建物1車位0","三層，陽臺","四層","公寓(5樓含以下無電梯)","住家用","0640523","31.38","2","1","1","有","無","8600000","274060","","0",31.38,0,0,"無"
"63","文山區","房地(土地+建物)","臺北市文山區保儀路１０９巷３弄２９號四樓","21.77","住","1110819","土地1建物1車位0","四層，陽臺","四層","公寓(5樓含以下無電梯)","住家用","","84.93","3","2","1","有","無","10370000","122101","","0",84.93,0,0,"無"
"64","中正區","房地(土地+建物)","臺北市中正區廈門街３７號二樓","22.6","商","1110827","土地2建物1車位0","二層","五層","公寓(5樓含以下無電梯)","住家用","0620728","87.44","1","2","1","有","無","12800000","146386","","0",87.44,0,0,"無"
"65","中山區","房地(土地+建物)+車位","臺北市中山區民權東路二段３６號十一樓","31.97","商","1110830","土地2建物1車位2","十一層，十二層","十二層","住宅大樓(11層含以上有電梯)","住家用","1020206","327.78999999999996","2","3","2","有","有","81000000","247117","坡道平面","0",135.42,7.69,17.73,"有"
"66","萬華區","房地(土地+建物)","臺北市萬華區環河南路一段２３號十一樓之１７","4.52","商","1110819","土地1建物1車位0","十一層","十二層","住宅大樓(11層含以上有電梯)","住家用","0720624","40.269999999999996","0","0","1","有","有","5800000","144028","","0",31.75,0,0,"有"
"67","士林區","房地(土地+建物)","臺北市士林區士東路９１巷２６弄６號四樓","8.23","住","1110818","土地1建物1車位0","四層","七層","華廈(10層含以下有電梯)","住家用","0980302","38.83","1","1","1","有","有","9500000","244656","","0",19.03,1.33,2.19,"有"
"68","北投區","房地(土地+建物)+車位","臺北市北投區知行路２６０巷１０號四樓","33.78","住","1110805","土地1建物1車位1","四層","八層","華廈(10層含以下有電梯)","住家用","0901009","151.51999999999998","3","2","2","有","有","20000000","131996","坡道平面","2000000",80.83,0,9.89,"有"
"69","萬華區","房地(土地+建物)+車位","臺北市萬華區成都路１０６號八樓之１","4.59","商","1110816","土地1建物1車位1","八層","十四層","住宅大樓(11層含以上有電梯)","住家用","0961025","63.0","1","1","1","有","有","13000000","206349","塔式車位","0",30.96,1.37,2.66,"有"
"70","松山區","房地(土地+建物)","臺北市松山區八德路三段１２巷６３弄１３號二樓","30.0","住","1110821","土地1建物1車位0","二層，陽臺","四層","公寓(5樓含以下無電梯)","住家用","0540922","78.52","3","2","2","有","無","20000000","254712","","0",78.52,0,0,"無"
"71","文山區","房地(土地+建物)","臺北市文山區萬隆街４７之６號三樓","27.29","住","1110807","土地1建物1車位0","三層","五層","公寓(5樓含以下無電梯)","住家用","0670921","111.07","3","2","2","有","無","20050000","180517","","0",98.34,0,12.73,"無"
"72","北投區","房地(土地+建物)","臺北市北投區溫泉路７１號六樓之１９","6.98","都市：其他:特定觀光商業專用區。","1110815","土地1建物2車位0","六層","七層","華廈(10層含以下有電梯)","住家用","0700218","54.480000000000004","0","0","0","無","有","6550000","120228","","0",38.84,0,8.04,"有"
"73","信義區","房地(土地+建物)+車位","臺北市信義區市民大道六段１０８號九樓之２","7.1","住","1110820","土地1建物1車位1","九層","十二層","住宅大樓(11層含以上有電梯)","住家用","1110414","48.56","0","1","1","有","有","12880000","265239","塔式車位","0",18.32,0.39,2.12,"有"
"74","松山區","房地(土地+建物)+車位","臺北市松山區光復南路６０號二樓","44.08","住","1110817","土地2建物1車位4","二層","十三層","住宅大樓(11層含以上有電梯)","住家用","1010911","432.70000000000005","4","2","3","有","有","79000000","222841","坡道平面","10200000",167.26,8.49,14.36,"有"
"75","中山區","房地(土地+建物)+車位","臺北市中山區中山北路一段８４號十二樓之５","3.24","商","1110822","土地1建物1車位1","十二層","十三層","住宅大樓(11層含以上有電梯)","住家用","0980327","43.099999999999994","1","1","1","有","有","10500000","264395","塔式車位","1500000",17.2,0.62,3.47,"有"
"76","中山區","房地(土地+建物)","臺北市中山區中原街２２號四樓之１４","3.69","住","1110808","土地1建物1車位0","四層","七層","華廈(10層含以下有電梯)","住家用","0660625","22.54","1","0","1","有","有","4620000","204969","","0",16.3,0,2.38,"有"
"77","中山區","房地(土地+建物)+車位","臺北市中山區建國北路一段５０巷２７號三樓","20.9","商","1110806","土地2建物1車位1","三層","七層","華廈(10層含以下有電梯)","住家用","1070501","120.75999999999999","2","2","1","有","有","31340000","259523","其他","1800000",49.35,7.28,5.26,"有"
"78","內湖區","房地(土地+建物)+車位","臺北市內湖區成功路四段２９４巷２３弄１號","257.66","住","1110807","土地5建物1車位1","全","四層","透天厝","住家用","0750702","354.69","5","2","3","有","有","53000000","149426","坡道平面","0",252.91,97.2,4.58,"無"
"79","內湖區","房地(土地+建物)","臺北市內湖區文湖街２１巷１１８弄４６號六樓","13.4","住","1110805","土地1建物1車位0","六層","七層","華廈(10層含以下有電梯)","住家用","1050223","68.83","2","2","1","有","無","12300000","178701","","0",32.71,0,8.69,"有"
"80","萬華區","房地(土地+建物)","臺北市萬華區康定路１０５號十三樓之１３","3.53","商","1110809","土地1建物1車位0","十三層","二十六層","住宅大樓(11層含以上有電梯)","住家用","1050331","52.099999999999994","1","1","1","有","有","10300000","197659","","0",28.89,1.66,3.85,"有"
"81","中山區","房地(土地+建物)","臺北市中山區中山北路二段１１５巷２０號九樓之１","16.37","商","1110811","土地2建物1車位0","九層","十七層","住宅大樓(11層含以上有電梯)","住家用","0791019","134.54999999999998","3","2","2","有","有","26200000","194723","","0",89.22,0.39,16.74,"有"
"82","中山區","房地(土地+建物)","臺北市中山區雙城街３巷２號十四樓","5.11","商","1110823","土地1建物1車位0","十四層","十五層","住宅大樓(11層含以上有電梯)","住家用","0841201","34.47","1","0","1","有","有","6000000","174064","","0",19.94,0,2.78,"有"
"83","萬華區","房地(土地+建物)","臺北市萬華區昆明街４６號五樓之５２","8.19","商","1110810","土地1建物1車位0","五層","八層","華廈(10層含以下有電梯)","住家用","0761221","55.14","1","1","1","有","有","9800000","177729","","0",40.65,0,0,"有"
"84","萬華區","房地(土地+建物)","臺北市萬華區中華路二段４１６巷１９號八樓之２","19.35","住","1110812","土地1建物1車位0","八層","十二層","住宅大樓(11層含以上有電梯)","住家用","0760316","125.29","3","2","1","有","無","4260000","34001","","0",61.6,0,8.52,"有"
"85","萬華區","房地(土地+建物)+車位","臺北市萬華區環河南路二段１９號二十一樓","8.55","商","1110811","土地2建物1車位1","二十一層","二十四層","住宅大樓(11層含以上有電梯)","住家用","1090807","110.27","2","2","1","有","有","22000000","219418","坡道機械","2180000",53.71,3.16,3.92,"有"
"86","萬華區","房地(土地+建物)+車位","臺北市萬華區萬大路３４４巷３６號二十六樓之２","26.9","商","1110801","土地1建物1車位2","二十六層","二十六層","住宅大樓(11層含以上有電梯)","住家用","1040206","280.19","4","3","3","有","有","48000000","171312","坡道平面","0",117.42,6.31,12.43,"有"
"87","萬華區","房地(土地+建物)","臺北市萬華區環河南路二段１９號二十樓","8.45","商","1110829","土地2建物1車位0","二十層","二十四層","住宅大樓(11層含以上有電梯)","住家用","1090807","90.33","2","2","1","有","有","19600000","216982","","0",53.71,3.16,3.92,"有"
"88","內湖區","房地(土地+建物)","臺北市內湖區文湖街２１巷１００弄２６號二樓","39.62","住","1110807","土地3建物1車位0","二層","四層","公寓(5樓含以下無電梯)","住家用","0691018","99.38","3","2","1","有","無","13680000","137653","","0",84.43,0,14.95,"無"
"89","中山區","房地(土地+建物)","臺北市中山區林森北路１４７號七樓之１","4.87","商","1110816","土地1建物1車位0","七層","十二層","住宅大樓(11層含以上有電梯)","住家用","0700515","44.64","0","0","1","有","有","9200000","206093","","0",35.1,0,0,"有"
"90","信義區","房地(土地+建物)","臺北市信義區吳興街２８４巷２１弄１號二樓","38.15","住","1110806","土地1建物1車位0","二層","五層","公寓(5樓含以下無電梯)","住家用","0750830","135.45","4","2","2","有","無","21000000","155039","","0",117.55,0,12.21,"無"
"91","中山區","房地(土地+建物)","臺北市中山區新生北路三段２６號四樓之５","5.54","商","1110816","土地1建物1車位0","四層","十二層","住宅大樓(11層含以上有電梯)","住家用","0700703","47.97","2","1","1","有","有","9250000","192829","","0",41.46,0,0,"有"
"92","中山區","房地(土地+建物)","臺北市中山區新生北路二段９６號八樓之１９","2.86","商","1110810","土地3建物1車位0","八層","十二層","住宅大樓(11層含以上有電梯)","住家用","0711224","32.36","1","1","1","有","有","5000000","154512","","0",22.38,0,2.85,"有"
"93","內湖區","房地(土地+建物)","臺北市內湖區康樂街１３６巷２１號二樓","30.3","住","1110808","土地3建物1車位0","二層","五層","公寓(5樓含以下無電梯)","住家用","0721103","107.23","3","2","2","有","無","8800000","82067","","0",97.56,0,9.67,"無"
"94","內湖區","房地(土地+建物)+車位","臺北市內湖區環山路二段５３巷５弄１１之２號七樓","15.17","住","1110820","土地1建物1車位1","七層","七層","華廈(10層含以下有電梯)","住家用","0970804","88.43","2","1","1","有","有","17400000","196766","升降機械","1800000",31.82,4.64,4.43,"有"
"95","中山區","房地(土地+建物)","臺北市中山區龍江路４５９號四樓","24.42","住","1110825","土地1建物1車位0","四層","四層","公寓(5樓含以下無電梯)","住家用","0651115","94.3","3","2","1","有","無","13800000","146341","","0",46.04,24.88,9.89,"無"
"96","松山區","房地(土地+建物)","臺北市松山區延壽街４０２巷２弄１號","62.4","住","1110801","土地4建物1車位0","一層","五層","公寓(5樓含以下無電梯)","住家用","0670508","118.33","2","2","2","有","無","37000000","312685","","0",106.54,11.79,0,"無"
"97","信義區","房地(土地+建物)","臺北市信義區基隆路一段３５巷５弄３８號二樓","27.75","住","1110812","土地1建物1車位0","二層","四層","公寓(5樓含以下無電梯)","住家用","0570213","68.19","2","1","1","有","無","9600000","140783","","0",68.19,0,0,"無"
"98","南港區","房地(土地+建物)+車位","臺北市南港區興東街７號四樓","30.88","住","1110807","土地1建物1車位1","四層","七層","華廈(10層含以下有電梯)","住家用","0841117","123.63","2","2","1","有","有","24800000","200599","升降機械","0",62.67,1.99,9.55,"有"
"99","松山區","房地(土地+建物)","臺北市松山區復興北路１７９號七樓之７","3.05","商","1110824","土地5建物1車位0","七層","十二層","住宅大樓(11層含以上有電梯)","住家用","","34.76","1","1","1","有","有","9300000","267626","","0",29.31,0,0,"有"
"100","北投區","房地(土地+建物)","臺北市北投區奇岩路１２之５號四樓","31.15","住","1110817","土地1建物1車位0","四層","五層","公寓(5樓含以下無電梯)","住家用","1011023","45.129999999999995","0","0","0","無","有","6300000","139597","","0",24.52,0.96,2.74,"無"
"101","北投區","房地(土地+建物)","臺北市北投區溫泉路１４３之７號四樓","22.89","都市：其他:特定休閒旅館住宅專用區。","1110814","土地1建物1車位0","四層","五層","公寓(5樓含以下無電梯)","住家用","0780214","74.12","2","1","1","有","有","6150000","82974","","0",50.69,0,3.59,"無"
"102","北投區","房地(土地+建物)+車位","臺北市北投區文林北路２２２號十二樓之２","18.76","住","1110819","土地1建物1車位1","十二層","二十三層","住宅大樓(11層含以上有電梯)","住家用","0850216","144.82999999999998","2","2","1","有","有","6000000","41428","坡道平面","0",105.74,0.92,9.36,"有"
"103","士林區","房地(土地+建物)","臺北市士林區中山北路七段１４１巷１４弄３０號","17.2","住","1110819","土地1建物1車位0","全","二層","透天厝","住家用","0560124","22.97","5","2","3","有","無","6250000","272094","","0",22.97,0,0,"無"
"104","北投區","房地(土地+建物)","臺北市北投區泉源路４１巷４３號二樓","28.76","住","1110817","土地2建物1車位0","二層","五層","公寓(5樓含以下無電梯)","住家用","0740322","96.13","3","2","2","有","有","9400000","97784","","0",78.53,0,12.91,"無"
"105","士林區","房地(土地+建物)","臺北市士林區天母北路９巷５號四樓","32.12","住","1110817","土地1建物1車位0","四層","四層","公寓(5樓含以下無電梯)","住家用","0681203","91.9","3","2","2","有","無","17800000","193689","","0",82.85,0,9.05,"無"
"106","北投區","房地(土地+建物)+車位","臺北市北投區三合街一段１１７巷７６號","43.52","住","1110824","土地1建物1車位2","一層，見其他登記事項","九層","華廈(10層含以下有電梯)","住家用","1090504","246.23999999999998","3","2","2","有","有","39500000","160413","坡道平面","0",96.18,3.45,14.94,"有"
"107","北投區","房地(土地+建物)+車位","臺北市北投區裕民六路２號十六樓之２","19.24","商","1110810","土地1建物1車位1","十六層","二十二層","住宅大樓(11層含以上有電梯)","住家用","0840828","196.59","4","2","2","有","有","41000000","208566","坡道平面","0",142.93,1.16,9.99,"有"
"108","大安區","房地(土地+建物)","臺北市大安區延吉街１８２號四樓","24.6","住","1110810","土地1建物1車位0","四層","七層","華廈(10層含以下有電梯)","住家用","0700123","147.67","3","2","2","有","無","31800000","215345","","0",100.62,0,18.6,"有"
"109","萬華區","房地(土地+建物)","臺北市萬華區萬大路１８７巷４５號二樓","19.75","商","1110816","土地1建物1車位0","二層","五層","公寓(5樓含以下無電梯)","住家用","0640508","45.88","2","1","1","有","無","5000000","108980","","0",45.88,0,0,"無"
"110","北投區","房地(土地+建物)+車位","臺北市北投區中山北路七段２１９巷３弄２８０號四樓之２","57.08","住","1110802","土地1建物1車位1","四層","七層","華廈(10層含以下有電梯)","住家用","0960824","128.01999999999998","2","2","1","有","有","23000000","179659","坡道機械","0",74.64,2.8,9.03,"有"
"111","北投區","房地(土地+建物)","臺北市北投區明德路３３１巷１６號三樓","60.5","","1110830","土地2建物1車位0","三層","四層","公寓(5樓含以下無電梯)","住家用","0580616","119.79","3","2","1","有","無","15000000","125219","","0",119.79,0,0,"無"
"112","大安區","房地(土地+建物)","臺北市大安區忠孝東路三段２４８巷１９弄４４號三樓","38.7","住","1110811","土地1建物1車位0","三層","五層","公寓(5樓含以下無電梯)","住家用","0720401","101.82000000000001","3","2","1","有","有","27000000","265174","","0",84.68,0,10.75,"無"
"113","大安區","房地(土地+建物)","臺北市大安區安和路二段２２７巷７號三樓","27.85","住","1110806","土地2建物1車位0","三層","六層","華廈(10層含以下有電梯)","住家用","0750505","118.53999999999999","3","2","2","有","無","31560000","266239","","0",94.59,0,13.32,"有"
"114","大安區","房地(土地+建物)","臺北市大安區東豐街３０號三樓","9.7","住","1110813","土地2建物1車位0","三層","五層","公寓(5樓含以下無電梯)","住家用","0780419","40.480000000000004","1","1","1","有","無","12500000","308794","","0",31.5,1.07,2.38,"無"
"115","中山區","房地(土地+建物)","臺北市中山區農安街２２７巷９號三樓","31.0","住","1110803","土地1建物1車位0","三層","五層","公寓(5樓含以下無電梯)","住家用","0731126","108.69","3","2","2","有","無","20150000","185390","","0",96.51,0,7.37,"無"
"116","松山區","房地(土地+建物)","臺北市松山區敦化北路２４４巷２６號四樓","27.23","住","1110813","土地1建物1車位0","四層","五層","公寓(5樓含以下無電梯)","住家用","0670828","93.83","3","2","2","有","無","22500000","239795","","0",83.38,0,10.45,"無"
"117","大安區","房地(土地+建物)","臺北市大安區瑞安街２５６巷２９號四樓","37.0","住","1110830","土地1建物1車位0","四層","四層","公寓(5樓含以下無電梯)","住家用","0570930","99.43","3","2","3","有","無","27000000","271548","","0",86.92,0,12.51,"無"
"118","大安區","房地(土地+建物)+車位","臺北市大安區羅斯福路二段８５號十五樓之３","7.49","商","1110813","土地2建物1車位1","十五層","十五層","住宅大樓(11層含以上有電梯)","住家用","1101028","116.25999999999999","2","2","1","有","有","40800000","447062","坡道平面","3600000",47.68,4.83,2.25,"有"
"119","大安區","房地(土地+建物)","臺北市大安區雲和街９９巷３號二樓","21.8","住","1110811","土地1建物1車位0","二層","五層","公寓(5樓含以下無電梯)","住家用","0700408","80.28","3","2","1","有","無","17000000","211759","","0",68.9,0,11.38,"無"
"120","士林區","房地(土地+建物)","臺北市士林區中正路２１２巷６弄７號二樓","14.08","商","1110820","土地1建物1車位0","二層","四層","公寓(5樓含以下無電梯)","住家用","0790829","39.31","3","2","2","有","有","8000000","203511","","0",35.57,0,3.74,"無"
"121","士林區","房地(土地+建物)","臺北市士林區美崙街１０４號二樓","18.34","住","1110820","土地1建物1車位0","二層","七層","華廈(10層含以下有電梯)","住家用","0691001","122.34","3","2","2","有","無","18500000","151218","","0",84.3,0,24.21,"有"
"122","北投區","房地(土地+建物)","臺北市北投區中山北路七段２１９巷３弄１５１號七樓","25.11","住","1110814","土地1建物1車位0","七層","七層","華廈(10層含以下有電梯)","住家用","0731227","123.81","3","2","2","有","有","17500000","141346","","0",96.2,12.09,9.64,"有"
"123","松山區","房地(土地+建物)","臺北市松山區新東街２０巷２８號三樓","45.75","都市：其他:住宅用地(民生社區特定專用區)。","1110805","土地2建物1車位0","三層，陽臺","四層","公寓(5樓含以下無電梯)","住家用","0641013","128.68","3","2","2","有","無","26300000","204383","","0",128.68,0,0,"無"
"124","松山區","房地(土地+建物)","臺北市松山區饒河街１９９號四樓之６","8.78","商","1110820","土地1建物1車位0","四層","十八層","住宅大樓(11層含以上有電梯)","住家用","1071003","121.38999999999999","3","2","2","有","有","27600000","227366","","0",72.73,3.7,8.98,"有"
"125","中山區","房地(土地+建物)","臺北市中山區中山北路二段６２巷３５號五樓之２","7.79","商","1110816","土地1建物1車位0","五層","七層","華廈(10層含以下有電梯)","住家用","1070726","46.17","1","1","1","有","無","13000000","281568","","0",18.1,0,8.56,"有"
"126","內湖區","房地(土地+建物)","臺北市內湖區陽光街２１８號三樓","39.72","住","1110811","土地2建物1車位0","三層","七層","華廈(10層含以下有電梯)","住家用","0730131","105.92999999999999","3","2","1","有","有","19380000","182951","","0",71.56,0,7.13,"有"
"127","萬華區","房地(土地+建物)","臺北市萬華區環河南路一段７１號二樓之１２","11.15","商","1110803","土地1建物1車位0","二層","十二層","住宅大樓(11層含以上有電梯)","住家用","0660829","44.099999999999994","1","1","1","有","有","4800000","108844","","0",32.05,0,3.85,"有"
"128","文山區","房地(土地+建物)","臺北市文山區下崙路１１巷１７號二樓","32.31","住","1110813","土地1建物1車位0","二層","七層","華廈(10層含以下有電梯)","住家用","1060104","133.65","3","2","2","有","有","22510000","168425","","0",72.73,5.63,7.22,"有"
"129","文山區","房地(土地+建物)","臺北市文山區辛亥路四段２１巷１４號十六樓","23.66","住","1110814","土地4建物1車位0","十六層","十八層","住宅大樓(11層含以上有電梯)","住家用","0840801","65.36","2","1","1","有","有","12500000","191248","","0",49.52,0.47,3.4,"有"
"130","文山區","房地(土地+建物)","臺北市文山區景興路１５３巷１７號二樓之３","13.87","住","1110814","土地1建物1車位0","二層","十二層","住宅大樓(11層含以上有電梯)","住家用","0830317","72.82","2","2","1","有","有","14880000","204339","","0",43.97,2.33,2.43,"有"
"131","中正區","房地(土地+建物)","臺北市中正區中華路二段１７５巷３號二樓","15.07","住","1110813","土地1建物1車位0","二層","五層","公寓(5樓含以下無電梯)","住家用","0690905","54.35","2","1","1","有","無","11300000","207912","","0",45.47,0,8.88,"無"
"132","萬華區","房地(土地+建物)+車位","臺北市萬華區康定路１０５號二十樓之７","5.2","商","1110806","土地1建物1車位1","二十層","二十六層","住宅大樓(11層含以上有電梯)","住家用","1050331","105.25","2","1","1","有","有","17000000","202655","坡道平面","2500000",40.7,1.28,5.23,"有"
"133","萬華區","房地(土地+建物)","臺北市萬華區西寧南路３０７號十一樓","5.95","商","1110817","土地1建物1車位0","十一層","十三層","住宅大樓(11層含以上有電梯)","住家用","1050701","71.59","1","1","1","有","有","15350000","214415","","0",36.09,2.91,3.3,"有"
"134","內湖區","房地(土地+建物)","臺北市內湖區文德路１００號五樓","13.99","住","1110813","土地2建物1車位0","五層","十層","華廈(10層含以下有電梯)","住家用","0850206","65.42","2","2","1","有","有","16000000","244574","","0",43.47,1.53,5.17,"有"
"135","中山區","房地(土地+建物)","臺北市中山區松江路４５巷４１號四樓","18.2","商","1110814","土地2建物1車位0","四層","五層","公寓(5樓含以下無電梯)","住家用","0690703","75.38","2","2","1","有","無","14700000","195012","","0",60.69,0,10.92,"無"
"136","中山區","房地(土地+建物)","臺北市中山區新生北路二段３６號十五樓之１","6.07","商","1110813","土地1建物1車位0","十五層","十七層","住宅大樓(11層含以上有電梯)","住家用","0850718","61.71","2","1","1","有","有","14150000","229298","","0",37.58,1.31,7.06,"有"
"137","內湖區","房地(土地+建物)","臺北市內湖區星雲街２１０巷２８號五樓","11.48","住","1110813","土地1建物1車位0","五層","七層","華廈(10層含以下有電梯)","住家用","1020911","52.339999999999996","0","2","1","有","有","14450000","276079","","0",33.41,2.35,0,"有"
"138","士林區","房地(土地+建物)","臺北市士林區福華路２８３號四樓","31.59","住","1110817","土地1建物1車位0","四層","五層","公寓(5樓含以下無電梯)","住家用","0680116","109.58","3","2","2","有","無","22380000","204234","","0",97.48,0,12.1,"無"
"139","南港區","房地(土地+建物)","臺北市南港區重陽路１２５巷３６弄１０號四樓","13.39","住","1110817","土地1建物1車位0","四層","八層","華廈(10層含以下有電梯)","住家用","0961008","56.25","1","1","1","有","有","12100000","215111","","0",29.34,0,6.35,"有"
"140","士林區","房地(土地+建物)","臺北市士林區中正路７１９號二樓之１","11.07","住","1110812","土地2建物1車位0","二層","十三層","住宅大樓(11層含以上有電梯)","住家用","0930518","81.02000000000001","3","2","1","有","有","12680000","156505","","0",51.29,0,2.91,"有"
"141","北投區","房地(土地+建物)","臺北市北投區自強街３１巷１１號四樓","41.25","住","1110808","土地1建物1車位0","四層","四層","公寓(5樓含以下無電梯)","住家用","0640901","115.54","3","2","2","有","無","14320000","123940","","0",99.75,0,15.79,"無"
"142","文山區","房地(土地+建物)","臺北市文山區木柵路一段５９巷４８號四樓","17.1","住","1110823","土地1建物1車位0","四層","五層","公寓(5樓含以下無電梯)","住家用","","67.48","2","1","1","有","無","8380000","124185","","0",52.75,0,5.07,"無"
"143","中山區","房地(土地+建物)","臺北市中山區林森北路５３６號六樓之４","4.04","商","1110805","土地1建物1車位0","六層","十四層","住宅大樓(11層含以上有電梯)","住家用","0940826","43.95","2","1","1","有","有","11600000","263936","","0",22.58,0.31,3.13,"有"
"144","大安區","房地(土地+建物)","臺北市大安區和平東路三段１巷７２弄５號十一樓","16.62","住","1110827","土地1建物1車位0","十一層","十七層","住宅大樓(11層含以上有電梯)","住家用","0740522","86.8","2","2","1","有","有","23100000","266129","","0",63.19,1.56,5.99,"有"
"145","文山區","房地(土地+建物)","臺北市文山區景明街１號四樓","36.75","住","1110716","土地1建物1車位0","四層","四層","公寓(5樓含以下無電梯)","住家用","0670202","98.86","2","2","1","有","無","17600000","178030","","0",70.55,0,28.31,"無"
"146","文山區","房地(土地+建物)","臺北市文山區景華街１２１巷１５弄１４號二樓","32.69","住","1110718","土地1建物1車位0","二層，陽臺","四層","公寓(5樓含以下無電梯)","住家用","0640721","91.93","3","2","1","有","無","15300000","166431","","0",91.93,0,0,"無"
"147","萬華區","房地(土地+建物)","臺北市萬華區國興路１６號九樓","16.78","住","1110710","土地1建物1車位0","九層","十二層","住宅大樓(11層含以上有電梯)","住家用","0680403","59.84","2","2","1","有","有","10400000","173797","","0",52.57,0,7.27,"有"
"148","中山區","房地(土地+建物)","臺北市中山區復興北路４０２巷２６號七樓","23.61","住","1110703","土地1建物1車位0","七層","七層","華廈(10層含以下有電梯)","住家用","0730214","100.64","3","2","2","有","有","24680000","245231","","0",59.45,27.84,0,"有"
"149","內湖區","房地(土地+建物)","臺北市內湖區內湖路二段３５２號五樓之５","7.14","商","1110714","土地1建物1車位0","五層","十二層","住宅大樓(11層含以上有電梯)","住家用","0941025","62.6","1","1","1","有","有","11100000","177316","","0",45.33,2.13,0,"有"
"150","中山區","房地(土地+建物)","臺北市中山區中山北路二段１１６巷２３號二樓","23.5","住","1110724","土地1建物1車位0","二層","四層","公寓(5樓含以下無電梯)","住家用","0660606","72.82","3","1","1","有","無","15350000","210794","","0",58.04,0,14.78,"無"
"151","內湖區","房地(土地+建物)","臺北市內湖區康樂街７２巷１５之１號三樓","23.14","住","1110728","土地3建物1車位0","三層","五層","公寓(5樓含以下無電梯)","住家用","0731115","84.63000000000001","3","2","2","有","無","13350000","157745","","0",70.65,0,7.72,"無"
"152","內湖區","房地(土地+建物)","臺北市內湖區康寧路三段７５巷１８６弄９７號二樓","79.9","住","1110731","土地1建物1車位0","二層","六層","華廈(10層含以下有電梯)","住家用","0900817","146.01","3","2","2","有","有","23700000","162318","","0",82.99,2.59,11.58,"有"
"153","信義區","房地(土地+建物)","臺北市信義區吳興街２８４巷３９弄１１號五樓","31.42","住","1110710","土地1建物1車位0","五層","五層","公寓(5樓含以下無電梯)","住家用","0730810","103.53","7","1","3","有","無","18250000","176277","","0",86.64,0,8.48,"無"
"154","信義區","房地(土地+建物)","臺北市信義區林口街６６巷１８號二樓","33.25","住","1110728","土地2建物1車位0","二層","四層","公寓(5樓含以下無電梯)","住家用","0590123","67.65","2","2","1","有","無","17080000","252476","","0",67.65,0,0,"無"
"155","南港區","房地(土地+建物)","臺北市南港區合順街８巷３弄３５號","22.5","住","1110717","土地1建物1車位0","一層，騎樓","四層","公寓(5樓含以下無電梯)","住家用","","77.0","3","2","1","有","無","12000000","155844","","0",77,0,0,"無"
"156","士林區","房地(土地+建物)","臺北市士林區德行東路２３３號四樓之１","25.65","住","1110704","土地1建物1車位0","四層","七層","華廈(10層含以下有電梯)","住家用","0670707","140.98","4","1","2","有","有","22000000","156051","","0",110.94,0,8.69,"有"
"157","士林區","房地(土地+建物)+車位","臺北市士林區中山北路六段３５巷８號五樓","29.35","住","1110725","土地1建物1車位3","五層","二十一層","住宅大樓(11層含以上有電梯)","住家用","1051003","293.67","3","2","2","有","有","70300000","239384","坡道平面","0",110.95,11.52,8.46,"有"
"158","大安區","房地(土地+建物)+車位","臺北市大安區敦化南路一段１３８號十三樓之２","12.93","住","1110730","土地2建物1車位1","十三層","二十三層","住宅大樓(11層含以上有電梯)","住家用","1090909","205.56","3","2","2","有","有","89600000","496307","坡道平面","3600000",103.11,5.78,7.06,"有"
"159","大安區","房地(土地+建物)","臺北市大安區東豐街５２號五樓","52.36","住","1110708","土地2建物1車位0","五層","七層","華廈(10層含以下有電梯)","住家用","0620118","238.9","5","3","3","有","有","81000000","339054","","0",206.01,0,32.89,"有"
"160","大安區","房地(土地+建物)","臺北市大安區延吉街７０巷２弄１６之３號","25.25","住","1110728","土地1建物1車位0","四層","四層","公寓(5樓含以下無電梯)","住家用","0601208","81.59","3","2","2","有","無","23400000","286800","","0",68.7,0,12.89,"無"
"161","信義區","房地(土地+建物)","臺北市信義區崇德街１２２號六樓","23.88","住","1110726","土地1建物1車位0","六層","七層","華廈(10層含以下有電梯)","住家用","0771128","128.66","3","2","2","有","有","27000000","209855","","0",97.07,0,12.11,"有"
"162","大安區","房地(土地+建物)","臺北市大安區復興南路二段７８巷３０弄７號十五樓","21.79","住","1110724","土地1建物1車位0","十五層","十六層","住宅大樓(11層含以上有電梯)","住家用","0761105","132.88","3","2","2","有","有","43500000","327363","","0",89.4,0.94,13.18,"有"
"163","大安區","房地(土地+建物)","臺北市大安區大安路一段１６巷７之１號二樓","15.86","住","1110727","土地1建物1車位0","二層","七層","華廈(10層含以下有電梯)","住家用","0730216","79.1","3","2","1","有","有","8357005","105651","","0",62.77,0,5.64,"有"
"164","松山區","房地(土地+建物)","臺北市松山區八德路三段１５５巷４弄８號","34.88","商","1110724","土地2建物1車位0","一層，平台","四層","公寓(5樓含以下無電梯)","住家用","","107.96","3","1","2","有","無","31280000","289737","","0",107.96,0,0,"無"
"165","中山區","房地(土地+建物)","臺北市中山區林森北路８５巷５６號五樓之１","26.53","商","1110728","土地1建物1車位0","五層","七層","華廈(10層含以下有電梯)","住家用","0621203","126.2","3","2","2","有","有","22000000","174326","","0",107.25,0,18.95,"有"
"166","大安區","房地(土地+建物)","臺北市大安區四維路１７０巷３６號六樓之１１","7.69","住","1110729","土地1建物1車位0","六層","八層","華廈(10層含以下有電梯)","住家用","0980115","40.72","1","1","1","有","有","13350000","327849","","0",21.38,2.31,2.67,"有"
"167","大安區","房地(土地+建物)","臺北市大安區信義路三段１３４巷５０號十三樓","21.13","住","1110730","土地1建物1車位0","十三層","十四層","住宅大樓(11層含以上有電梯)","住家用","0750415","108.05","3","2","2","有","有","32700000","302638","","0",74.74,0.55,10.59,"有"
"168","士林區","房地(土地+建物)+車位","臺北市士林區中山北路六段３５巷１８號九樓","44.36","住","1110722","土地1建物1車位4","九層","二十一層","住宅大樓(11層含以上有電梯)","住家用","1051003","432.78","3","4","2","有","有","110000000","254171","坡道平面","0",171.06,15.06,12.36,"有"
"169","松山區","房地(土地+建物)","臺北市松山區新東街１６巷１號四樓","43.5","都市：其他:住宅用地(民生社區特定專用區)。","1110704","土地1建物1車位0","四層","四層","公寓(5樓含以下無電梯)","住家用","0620122","115.73","3","2","2","有","無","22000000","190098","","0",107.24,0,8.49,"無"
"170","信義區","房地(土地+建物)","臺北市信義區松仁路２８１巷３２號三樓","33.5","住","1110710","土地1建物1車位0","三層","四層","公寓(5樓含以下無電梯)","住家用","","88.16","3","2","1","有","無","19110000","216765","","0",88.16,0,0,"無"
"171","南港區","房地(土地+建物)+車位","臺北市南港區成福路１９４巷６號七樓之３","11.58","住","1110730","土地1建物1車位1","七層","九層","華廈(10層含以下有電梯)","住家用","1030314","71.31","1","1","1","有","有","16500000","231384","塔式車位","1800000",28.92,6.74,2.84,"有"
"172","內湖區","房地(土地+建物)+車位","臺北市內湖區民權東路六段１９１巷６２弄２６號五樓","84.36","住","1110704","土地1建物1車位1","五層","五層","公寓(5樓含以下無電梯)","住家用","0991103","201.99","3","2","2","有","有","45300000","246150","坡道平面","2300000",109.56,13.14,6.91,"無"
"173","中山區","房地(土地+建物)","臺北市中山區新生北路二段３８號九樓之６","6.07","商","1110722","土地1建物1車位0","九層","十七層","住宅大樓(11層含以上有電梯)","住家用","0850718","61.69","1","1","1","有","有","13000000","210731","","0",37.57,1.3,7.06,"有"
"174","大同區","房地(土地+建物)","臺北市大同區民權西路１４４巷５弄５號十七樓","10.86","商","1110725","土地2建物1車位0","十七層","十七層","住宅大樓(11層含以上有電梯)","住家用","0790323","123.37","1","2","1","有","有","24500000","198590","","0",92.81,0,12.36,"有"
"175","萬華區","房地(土地+建物)","臺北市萬華區桂林路２４６巷１６號三樓","13.35","都市：其他:第四之一種住宅區。","1110728","土地4建物1車位0","三層","四層","公寓(5樓含以下無電梯)","住家用","0680419","48.26","1","1","1","有","無","6300000","130543","","0",41.25,0,7.01,"無"
"176","文山區","房地(土地+建物)","臺北市文山區辛亥路四段１６６巷５號四樓","26.93","都市：其他:第三種住宅區。","1110721","土地2建物1車位0","四層","五層","公寓(5樓含以下無電梯)","住家用","","108.93","3","2","1","有","無","13580000","124667","","0",85.42,0,23.51,"無"
"177","文山區","房地(土地+建物)+車位","臺北市文山區木新路二段４３巷２５號二樓","58.53","住","1110708","土地1建物1車位1","二層","十二層","住宅大樓(11層含以上有電梯)","住家用","1070103","269.16999999999996","0","0","0","無","有","45500000","192732","坡道平面","2700000",120.26,4.42,16.14,"有"
"178","萬華區","房地(土地+建物)","臺北市萬華區青年路１６８巷４９弄５９號五樓","11.36","住","1110713","土地2建物1車位0","五層","五層","公寓(5樓含以下無電梯)","住家用","0640523","38.65","1","1","1","有","有","5500000","142303","","0",32.51,0,0,"無"
"179","中正區","房地(土地+建物)","臺北市中正區羅斯福路二段７０號八樓之８","3.26","商","1110721","土地1建物1車位0","八層","十二層","住宅大樓(11層含以上有電梯)","住家用","0780701","42.89","2","1","1","有","有","12400000","289112","","0",34.53,0,0,"有"
"180","內湖區","房地(土地+建物)+車位","臺北市內湖區成功路五段４５０巷２１弄９號","24.18","住","1110722","土地1建物1車位1","一層","十四層","住宅大樓(11層含以上有電梯)","住家用","0880731","127.42999999999999","2","2","1","有","有","27770000","217924","坡道平面","2800000",61.5,3.48,5.04,"有"
"181","內湖區","房地(土地+建物)+車位","臺北市內湖區康寧路三段５６巷１號七樓之３","33.46","住","1110725","土地1建物1車位1","七層","十一層","住宅大樓(11層含以上有電梯)","住家用","0960523","198.92000000000002","3","2","2","有","有","43800000","220189","坡道平面","0",100.77,4.01,10.44,"有"
"182","中山區","房地(土地+建物)+車位","臺北市中山區松江路１６４巷６３號四樓","16.36","商","1110730","土地2建物1車位1","四層","七層","華廈(10層含以下有電梯)","住家用","1040312","86.72999999999999","2","1","1","有","有","20300000","234060","塔式車位","0",33.84,2.31,6.53,"有"
"183","中山區","房地(土地+建物)","臺北市中山區長安東路一段５３巷１之５號五樓之１","10.12","商","1110727","土地1建物1車位0","五層","七層","華廈(10層含以下有電梯)","住家用","0670502","58.230000000000004","2","1","1","有","有","10800000","185471","","0",41.86,0,5.52,"有"
"184","信義區","房地(土地+建物)","臺北市信義區崇德街３１巷５弄１５號五樓","30.22","商","1110729","土地2建物1車位0","五層","五層","公寓(5樓含以下無電梯)","住家用","0760514","124.42","3","2","2","有","有","21360000","171677","","0",96.98,0,10.74,"無"
"185","士林區","房地(土地+建物)+車位","臺北市士林區天玉街１０４號六樓之２","27.38","住","1110730","土地1建物3車位1","六層","八層","華廈(10層含以下有電梯)","住家用","0840619","141.96","3","2","2","有","有","29000000","204283","升降機械","0",66.08,20.87,7.84,"有"
"186","士林區","房地(土地+建物)","臺北市士林區福志路１４巷２５號四樓","39.8","住","1110731","土地1建物1車位0","四層","五層","公寓(5樓含以下無電梯)","住家用","0740104","144.01","3","2","2","有","無","12000000","83328","","0",125.73,0,12.75,"無"
"187","士林區","房地(土地+建物)","臺北市士林區福志路１４巷２５號五樓","39.8","住","1110731","土地1建物1車位0","五層","五層","公寓(5樓含以下無電梯)","住家用","0740104","144.01","3","2","2","有","無","12000000","83328","","0",125.73,0,12.75,"無"
"188","大安區","房地(土地+建物)","臺北市大安區信義路四段２５號十樓之４","3.25","商","1110726","土地1建物1車位0","十層","十二層","住宅大樓(11層含以上有電梯)","住家用","0671127","29.49","1","1","1","有","有","10800000","366226","","0",22.82,0,1.31,"有"
"189","大安區","房地(土地+建物)+車位","臺北市大安區羅斯福路三段２６１之１號十一樓","12.67","商","1110723","土地1建物1車位1","十一層","十三層","住宅大樓(11層含以上有電梯)","住家用","0980122","159.7","3","2","2","有","有","46000000","288040","塔式車位","0",84.88,7.92,6.19,"有"
"190","萬華區","房地(土地+建物)","臺北市萬華區萬大路４４９巷２７之１號四樓","16.55","都市：其他:第三種住宅區。","1110717","土地3建物1車位0","四層","五層","公寓(5樓含以下無電梯)","住家用","0701020","54.88","3","1","2","有","無","5540000","100948","","0",50.65,0,4.22,"無"
"191","南港區","房地(土地+建物)+車位","臺北市南港區經貿二路１５７巷６２號五樓","52.73","","1110709","土地1建物1車位1","五層","九層","華廈(10層含以下有電梯)","住家用","0970612","245.07","4","2","2","有","有","52722500","215132","坡道平面","2500000",131.25,5.92,13.32,"有"
"192","中正區","房地(土地+建物)","臺北市中正區羅斯福路二段４８巷３號五樓","10.18","商","1110730","土地1建物1車位0","五層","十二層","住宅大樓(11層含以上有電梯)","住家用","0960308","53.760000000000005","1","1","1","有","有","18000000","334821","","0",29.88,0.54,5.29,"有"
"193","北投區","房地(土地+建物)","臺北市北投區中央北路四段５８３巷１１弄２號","171.0","商","1110715","土地3建物1車位0","全","二層","透天厝","住家用","0550101","196.85","7","4","4","有","無","27500000","139700","","0",196.85,0,0,"無"
"194","松山區","房地(土地+建物)","臺北市松山區健康路５８巷１１號","26.51","住","1110725","土地2建物1車位0","一層","五層","公寓(5樓含以下無電梯)","住家用","0700115","88.44","2","2","2","有","無","26000000","293985","","0",77.35,11.09,0,"無"
"195","中山區","房地(土地+建物)","臺北市中山區中山北路二段６２巷３０弄３號三樓","25.7","住","1110705","土地1建物1車位0","三層","四層","公寓(5樓含以下無電梯)","住家用","0641106","92.75","4","0","4","有","無","20000000","215633","","0",82.38,0,10.37,"無"
"196","內湖區","房地(土地+建物)","臺北市內湖區港華街１０７巷１３號三樓","25.75","住","1110730","土地1建物1車位0","三層","四層","公寓(5樓含以下無電梯)","住家用","0681121","91.05","5","0","5","有","無","15800000","173531","","0",80.7,0,10.35,"無"
"197","文山區","房地(土地+建物)+車位","臺北市文山區指南路三段３２巷３號七樓之２","22.07","住","1110730","土地2建物1車位1","七層","十一層","住宅大樓(11層含以上有電梯)","住家用","0990729","117.16","2","1","2","有","有","12000000","102424","升降機械","0",55.43,9.61,3.52,"有"
"198","北投區","房地(土地+建物)","臺北市北投區吉利街２５７巷３弄５號","39.25","住","1110721","土地2建物1車位0","一層，平台","四層","公寓(5樓含以下無電梯)","住家用","0651111","104.54","3","2","2","有","無","2000000","19131","","0",104.54,0,0,"無"
"199","信義區","房地(土地+建物)","臺北市信義區虎林街２４２巷１９號","23.89","住","1110711","土地4建物1車位0","一層","五層","公寓(5樓含以下無電梯)","住家用","0700116","96.69","3","2","2","有","無","9600000","99286","","0",81.79,14.9,0,"無"
"200","內湖區","房地(土地+建物)+車位","臺北市內湖區民權東路六段１８０巷９２號九樓","26.76","住","1110729","土地1建物1車位1","九層","十一層","住宅大樓(11層含以上有電梯)","住家用","1050322","190.56","3","2","2","有","有","41500000","254387","坡道平面","2500000",87.11,8.35,8.02,"有"
"201","松山區","房地(土地+建物)","臺北市松山區八德路四段６３６號三樓之９","6.04","商","1110728","土地1建物1車位0","三層","十三層","住宅大樓(11層含以上有電梯)","住家用","1021216","61.18000000000001","1","1","1","有","有","17450000","285224","","0",25.22,6.04,7.91,"有"
"202","松山區","房地(土地+建物)","臺北市松山區光復北路６０巷４３號四樓","44.5","住","1110710","土地2建物1車位0","四層，陽臺","四層","公寓(5樓含以下無電梯)","住家用","","135.67","3","2","2","有","無","29200000","215228","","0",135.67,0,0,"無"
"203","信義區","房地(土地+建物)","臺北市信義區崇德街１４６巷４號五樓","27.2","住","1110728","土地1建物1車位0","五層","五層","公寓(5樓含以下無電梯)","住家用","0680918","103.2","3","2","2","有","無","15660000","151744","","0",86.19,0,17.01,"無"
"204","中山區","房地(土地+建物)","臺北市中山區民生東路二段１１５巷２８弄２４號二樓","47.75","住","1110716","土地1建物1車位0","二層，陽臺","四層","公寓(5樓含以下無電梯)","住家用","0601005","129.48","3","2","2","有","無","24500000","189218","","0",129.48,0,0,"無"
"205","內湖區","房地(土地+建物)+車位","臺北市內湖區新明路４２８巷１號十一樓","12.11","住","1110719","土地1建物1車位1","十一層","二十層","住宅大樓(11層含以上有電梯)","住家用","1080506","104.62","2","2","1","有","有","19500000","227851","坡道平面","2500000",40.1,3.95,3.71,"有"
"206","萬華區","房地(土地+建物)+車位","臺北市萬華區萬大路２７７巷１４弄１６號二樓","39.46","住","1110722","土地1建物1車位1","二層","九層","華廈(10層含以下有電梯)","住家用","0971128","189.18","3","2","2","有","有","30550000","188407","坡道平面","2500000",84.81,4.94,12.51,"有"
"207","萬華區","房地(土地+建物)+車位","臺北市萬華區西園路二段１４７號九樓","34.41","商","1110727","土地1建物1車位2","九層","十一層","住宅大樓(11層含以上有電梯)","住家用","1000826","241.82","4","2","2","有","有","33900000","140187","升降平面","2700000",129.35,7.31,8.7,"有"
"208","萬華區","房地(土地+建物)+車位","臺北市萬華區漢口街二段５１號九樓之８","6.99","商","1110723","土地1建物1車位1","九層","十五層","住宅大樓(11層含以上有電梯)","住家用","1010530","109.34","2","1","1","有","有","20800000","190232","塔式車位","0",42.9,2.89,12.72,"有"
"209","文山區","房地(土地+建物)","臺北市文山區景華街１７４號三樓","31.75","都市：其他:第三種住宅區。","1110729","土地2建物1車位0","三層","四層","公寓(5樓含以下無電梯)","住家用","0681201","99.91","2","2","1","有","無","15730000","157442","","0",89.83,0,10.08,"無"
"210","文山區","房地(土地+建物)+車位","臺北市文山區樟新街１５巷１１號六樓","22.53","住","1110716","土地1建物1車位1","六層","七層","華廈(10層含以下有電梯)","住家用","0860123","130.04","3","2","1","有","有","16150000","124193","坡道機械","0",40.19,53.02,7.18,"有"
"211","文山區","房地(土地+建物)","臺北市文山區和興路４４巷７０號二樓","53.75","住","1110728","土地1建物1車位0","二層，三層","五層","公寓(5樓含以下無電梯)","住家用","0780419","178.72","4","2","2","有","無","21800000","121979","","0",143.11,0,19.66,"無"
"212","萬華區","房地(土地+建物)","臺北市萬華區長泰街７３巷２７弄１號二樓","25.81","住","1110724","土地1建物1車位0","二層","五層","公寓(5樓含以下無電梯)","住家用","0700930","94.39","3","1","2","有","無","11580000","122682","","0",79.64,0,14.75,"無"
"213","大同區","房地(土地+建物)+車位","臺北市大同區華亭街１號五樓之２","15.1","商","1110719","土地1建物1車位1","五層","二十一層","住宅大樓(11層含以上有電梯)","住家用","1100611","194.21","3","2","2","有","有","38000000","195664","坡道平面","0",90.55,4.71,10.33,"有"
"214","大同區","房地(土地+建物)+車位","臺北市大同區昌吉街３２號三樓","33.33","住","1110726","土地1建物1車位2","三層","十四層","住宅大樓(11層含以上有電梯)","住家用","1010112","308.14","4","2","2","有","有","55800000","236664","坡道平面","5000000",120.23,13.42,6.31,"有"
"215","內湖區","房地(土地+建物)","臺北市內湖區內湖路二段１７９巷４８弄１４號五樓","47.06","住","1110728","土地1建物1車位0","五層","五層","公寓(5樓含以下無電梯)","住家用","0720314","113.81","3","2","2","有","有","20340000","178719","","0",91.3,0,12.6,"無"
"216","信義區","房地(土地+建物)+車位","臺北市信義區信義路五段１５０巷１０號五樓之１","22.99","住","1110709","土地1建物1車位2","五層，電梯樓梯間","三十層","住宅大樓(11層含以上有電梯)","住家用","0861024","230.95000000000002","4","2","2","有","有","56000000","242477","坡道平面","6000000",197.03,1.69,14.18,"有"
"217","北投區","房地(土地+建物)","臺北市北投區吉利街３６９巷１２號","25.67","住","1110724","土地1建物1車位0","一層，騎樓","三層","公寓(5樓含以下無電梯)","住家用","0581031","68.8","2","1","1","有","無","14530000","211192","","0",68.8,0,0,"無"
"218","信義區","房地(土地+建物)","臺北市信義區永吉路４４３巷１６號","37.0","商","1110706","土地2建物1車位0","全","三層","透天厝","住家用","0700701","99.36","1","3","2","有","無","13000200","130839","","0",99.36,0,0,"無"
"219","信義區","房地(土地+建物)","臺北市信義區忠孝東路五段７０３巷１弄３８之１號五樓","29.1","住","1110731","土地2建物1車位0","五層","五層","公寓(5樓含以下無電梯)","住家用","0720113","115.36","3","2","2","有","無","18620000","161408","","0",92.61,6.55,7.21,"無"
"220","大安區","房地(土地+建物)","臺北市大安區大安路一段２０４號十樓之１","5.65","住","1110709","土地1建物1車位0","十層","十二層","住宅大樓(11層含以上有電梯)","住家用","0971028","55.95","1","1","1","有","有","23880000","426810","","0",25.24,9.43,1.32,"有"
"221","松山區","房地(土地+建物)","臺北市松山區民生東路四段９３號四樓","19.43","商","1110720","土地3建物1車位0","四層","七層","華廈(10層含以下有電梯)","住家用","0680925","116.53999999999999","3","2","2","有","有","30000000","257422","","0",90.8,0,12.86,"有"
"222","信義區","房地(土地+建物)","臺北市信義區基隆路一段１４１號十二樓之８","5.03","商","1110718","土地1建物1車位0","十二層","十三層","住宅大樓(11層含以上有電梯)","住家用","0950126","78.74","2","1","1","有","有","20000000","254001","","0",44.89,0,5.58,"有"
"223","中山區","房地(土地+建物)","臺北市中山區長安東路二段２３０號十樓之３、十樓之４","16.58","商","1110707","土地1建物1車位0","十層","十二層","住宅大樓(11層含以上有電梯)","住家用","0740418","166.29999999999998","4","2","2","有","有","36580000","219964","","0",139.1,0,6.41,"有"
"224","松山區","房地(土地+建物)","臺北市松山區復興北路３１３巷３７號三樓","35.7","住","1110722","土地1建物1車位0","三層","七層","華廈(10層含以下有電梯)","住家用","0700905","195.85000000000002","3","2","2","有","有","36500000","186367","","0",153.08,0,22.88,"有"
"225","松山區","房地(土地+建物)","臺北市松山區南京東路五段２３９號十三樓之９","4.18","都市：其他:聯合開發區(捷)。","1110728","土地1建物1車位0","十三層","十八層","住宅大樓(11層含以上有電梯)","住家用","0980331","52.4","1","0","1","有","有","13950000","266221","","0",31.08,0,3.46,"有"
"226","信義區","房地(土地+建物)+車位","臺北市信義區松仁路２４２號六樓","30.35","住","1110731","土地2建物1車位1","六層","十六層","住宅大樓(11層含以上有電梯)","住家用","0851007","212.18","3","2","2","有","有","51580000","261835","坡道機械","1800000",143.12,4.23,16.68,"有"
"227","松山區","房地(土地+建物)+車位","臺北市松山區寶清街１０３之１２號二樓","22.47","住","1110710","土地1建物1車位1","二層","十三層","住宅大樓(11層含以上有電梯)","住家用","1061124","163.83","3","2","2","有","有","33800000","228724","坡道平面","3000000",73.27,9.59,6.29,"有"
"228","大安區","房地(土地+建物)","臺北市大安區永康街４７巷３１號四樓","36.25","住","1110731","土地1建物1車位0","四層，陽臺","四層","公寓(5樓含以下無電梯)","住家用","","108.49","5","3","3","有","無","37000000","341045","","0",108.49,0,0,"無"
"229","大安區","房地(土地+建物)","臺北市大安區仁愛路四段３００巷２５弄５號六樓","21.78","住","1110730","土地1建物1車位0","六層","七層","華廈(10層含以下有電梯)","住家用","0730721","115.69","3","2","2","有","有","36880000","318783","","0",93.91,0,14.95,"有"
"230","中山區","房地(土地+建物)","臺北市中山區林森北路５００號九樓之２","4.37","商","1110725","土地1建物1車位0","九層","十二層","住宅大樓(11層含以上有電梯)","住家用","0660912","54.39","1","1","1","有","有","11000000","202243","","0",42.01,0,0,"有"
"231","中正區","房地(土地+建物)+車位","臺北市中正區重慶南路三段４５號四樓","41.65","住","1110614","土地2建物1車位1","四層","二十一層","住宅大樓(11層含以上有電梯)","住家用","1100915","238.60999999999999","3","2","2","有","有","88000000","425191","坡道平面","3200000",107.87,10.6,11.95,"有"
"232","內湖區","房地(土地+建物)","臺北市內湖區成功路三段８４號三樓","25.87","商","1110624","土地2建物1車位0","三層","五層","公寓(5樓含以下無電梯)","住家用","0690624","98.23","5","0","5","有","無","16200000","164919","","0",93.41,0,4.82,"無"
"233","中山區","房地(土地+建物)+車位","臺北市中山區敬業三路１６２巷３７號十二樓","47.09","住","1110616","土地1建物1車位1","十二層","十二層","住宅大樓(11層含以上有電梯)","住家用","0890628","155.72","3","2","2","有","有","31000000","199075","坡道平面","0",77.76,0,8.22,"有"
"234","大安區","房地(土地+建物)","臺北市大安區羅斯福路二段８５號四樓之１","6.34","商","1110628","土地2建物1車位0","四層","十五層","住宅大樓(11層含以上有電梯)","住家用","1101028","71.02","2","2","1","有","有","29980000","422135","","0",40.43,1.49,4.81,"有"
"235","中山區","房地(土地+建物)+車位","臺北市中山區合江街３７號三樓","12.52","住","1110623","土地1建物1車位1","三層","十一層","住宅大樓(11層含以上有電梯)","住家用","1070514","101.54","2","2","2","有","有","26690000","302451","其他","2500000",26.73,14.68,2.61,"有"
"236","大同區","房地(土地+建物)+車位","臺北市大同區民權西路１６０巷２６弄１號十四樓之２","21.35","住","1110607","土地1建物1車位1","十四層","十八層","住宅大樓(11層含以上有電梯)","住家用","1101227","187.28","3","2","2","有","有","41500000","221605","坡道平面","0",88,8.94,6.78,"有"
"237","大同區","房地(土地+建物)+車位","臺北市大同區民權西路１６０巷１８弄８號十一樓之５","8.44","住","1110615","土地1建物1車位1","十一層","十八層","住宅大樓(11層含以上有電梯)","住家用","1101227","93.24000000000001","1","1","1","有","有","13840000","197966","坡道平面","1770000",33.78,2,4.99,"有"
"238","大同區","房地(土地+建物)+車位","臺北市大同區民權西路１６０巷１８弄８號十一樓之６","20.25","住","1110615","土地1建物1車位1","十一層","十八層","住宅大樓(11層含以上有電梯)","住家用","1101227","180.24","3","2","1","有","有","29470000","187187","坡道平面","1770000",83.41,8.95,6.46,"有"
"239","大同區","房地(土地+建物)+車位","臺北市大同區民權西路１６０巷１８弄６號十六樓之１","12.2","住","1110616","土地1建物1車位1","十六層","十八層","住宅大樓(11層含以上有電梯)","住家用","1101227","118.31","2","1","1","有","有","24500000","256827","坡道平面","2400000",49.49,4.41,3.59,"有"
"240","中山區","房地(土地+建物)","臺北市中山區民生東路三段７３巷２弄１號三樓","43.5","都市：其他:第三種住宅區。","1110630","土地2建物1車位0","三層","四層","公寓(5樓含以下無電梯)","住家用","0651012","101.99","3","2","2","有","無","21000000","205903","","0",89.96,0,12.03,"無"
"241","萬華區","房地(土地+建物)","臺北市萬華區莒光路２９９巷９號二樓","23.4","住","1110630","土地1建物1車位0","二層","五層","公寓(5樓含以下無電梯)","住家用","0721223","84.33","3","1","1","有","無","6000000","71149","","0",72.28,0,8.44,"無"
"242","北投區","房地(土地+建物)","臺北市北投區新民路５３之１號四樓之６","5.44","住","1110604","土地1建物1車位0","四層","十層","華廈(10層含以下有電梯)","住家用","0970221","27.5","1","1","1","有","有","4080000","148364","","0",14.26,3.33,0,"有"
"243","士林區","房地(土地+建物)","臺北市士林區中山北路五段６２６號七樓","36.04","商","1110611","土地1建物1車位0","七層","七層","華廈(10層含以下有電梯)","住家用","0750726","183.39000000000001","4","2","2","有","有","38200000","208299","","0",156.09,0,17.93,"有"
"244","中山區","房地(土地+建物)","臺北市中山區北安路８２１巷３弄２號三樓","45.16","住","1110622","土地1建物1車位0","三層","四層","公寓(5樓含以下無電梯)","住家用","0650114","117.34","3","2","2","有","無","13000000","110789","","0",104.21,0,13.13,"無"
"245","大同區","房地(土地+建物)","臺北市大同區南京西路３６０之２號十二樓之３","3.12","商","1110620","土地1建物1車位0","十二層","十四層","住宅大樓(11層含以上有電梯)","住家用","0671107","33.14","1","1","1","有","有","6200000","187085","","0",22.75,0,3.2,"有"
"246","萬華區","房地(土地+建物)","臺北市萬華區康定路８２號十五樓之３","10.53","商","1110629","土地1建物1車位0","十五層","十五層","住宅大樓(11層含以上有電梯)","住家用","1020528","141.74","2","2","2","有","有","29880000","210809","","0",79.93,0.82,14.18,"有"
"247","文山區","房地(土地+建物)","臺北市文山區木柵路一段５９巷３８號二樓","17.97","住","1110614","土地1建物1車位0","二層","五層","公寓(5樓含以下無電梯)","住家用","","66.12","3","1","1","有","無","9000000","136116","","0",55.39,0,10.73,"無"
"248","南港區","房地(土地+建物)","臺北市南港區興華路３０巷３４號三樓","21.76","住","1110624","土地1建物1車位0","三層","十三層","住宅大樓(11層含以上有電梯)","住家用","0790109","132.07","4","2","2","有","有","28500000","215795","","0",93.55,1.98,13.91,"有"
"249","北投區","房地(土地+建物)","臺北市北投區知行路２４５巷１號五樓","18.71","住","1110622","土地1建物1車位0","五層","五層","公寓(5樓含以下無電梯)","住家用","0680627","74.52","3","2","1","有","無","9200000","123457","","0",61.92,0,12.6,"無"
"250","士林區","房地(土地+建物)","臺北市士林區天母西路２２巷３３號四樓","41.49","商","1110610","土地1建物1車位0","四層，電梯樓梯間","五層","華廈(10層含以下有電梯)","住家用","0841213","127.45","3","2","2","有","無","25500000","200078","","0",103.48,3.04,12.1,"有"
"251","北投區","房地(土地+建物)+車位","臺北市北投區西安街二段２６１號四樓","27.5","住","1110614","土地1建物1車位2","四層","十二層","住宅大樓(11層含以上有電梯)","住家用","1110126","174.16","3","2","2","有","有","28836600","188727","坡道機械","3600000",79.12,5.25,9.09,"有"
"252","大安區","房地(土地+建物)+車位","臺北市大安區羅斯福路二段８５號十二樓之５","8.89","商","1110610","土地2建物1車位1","十二層","十五層","住宅大樓(11層含以上有電梯)","住家用","1101028","131.79000000000002","2","2","2","有","有","48250000","451185","坡道平面","3700000",55.56,6.02,3.35,"有"
"253","士林區","房地(土地+建物)","臺北市士林區士東路２５８號七樓","25.82","住","1110620","土地1建物1車位0","七層","七層","華廈(10層含以下有電梯)","住家用","0701229","177.57","6","2","5","有","無","35000000","197105","","0",92.4,61.12,9.27,"有"
"254","文山區","房地(土地+建物)+車位","臺北市文山區久康街１１０巷２弄１１號六樓","34.5","住","1110618","土地5建物1車位1","六層","六層","華廈(10層含以下有電梯)","住家用","1000823","135.14","3","2","2","有","有","19800000","161221","塔式車位","1000000",33.72,6.07,7.54,"有"
"255","中正區","房地(土地+建物)","臺北市中正區齊東街８２巷７號三樓之１","13.78","住","1110619","土地1建物1車位0","三層","五層","華廈(10層含以下有電梯)","住家用","1051025","50.69","0","1","1","有","有","13760000","271454","","0",22.1,0,8.76,"有"
"256","萬華區","房地(土地+建物)","臺北市萬華區桂林路１０９號二十樓之２","6.16","商","1110629","土地1建物1車位0","二十層","二十四層","住宅大樓(11層含以上有電梯)","住家用","1081008","86.11","2","1","1","有","有","18470000","214493","","0",47.49,6.03,4.01,"有"
"257","萬華區","房地(土地+建物)","臺北市萬華區萬大路４９３巷５８弄１８號四樓","45.25","住","1110507","土地1建物1車位0","四層","四層","公寓(5樓含以下無電梯)","住家用","0660328","138.93","4","2","2","有","無","16000000","115166","","0",119.95,0,18.98,"無"
"258","松山區","房地(土地+建物)","臺北市松山區三民路９６巷９號三樓","32.5","都市：其他:住宅用地(民生社區特定專用區)。","1110530","土地3建物1車位0","三層，陽臺","四層","公寓(5樓含以下無電梯)","住家用","0630313","85.59","3","2","1","有","無","16800000","196285","","0",85.59,0,0,"無"
"259","北投區","房地(土地+建物)+車位","臺北市北投區關渡路６８之１號","33.7","住","1110503","土地1建物1車位1","一層","十四層","住宅大樓(11層含以上有電梯)","住家用","0790110","141.56","3","2","2","有","有","15600000","110193","坡道平面","0",122.89,9.19,0,"有"
"260","文山區","房地(土地+建物)+車位","臺北市文山區政大一街３２０巷９６號四樓","30.73","商","1110512","土地1建物1車位1","五層","十一層","住宅大樓(11層含以上有電梯)","住家用","1000429","225.26999999999998","5","2","2","有","有","34250000","174652","坡道平面","2500000",110.8,1.41,15.95,"有"
"261","士林區","房地(土地+建物)","臺北市士林區士東路５４巷１５號五樓","26.05","住","1110528","土地1建物1車位0","五層","五層","公寓(5樓含以下無電梯)","住家用","0721202","108.65","3","2","2","有","無","19370000","178279","","0",93.54,0,10.32,"無"
"262","萬華區","房地(土地+建物)","臺北市萬華區莒光路２９９巷３號二樓","20.64","住","1110512","土地1建物1車位0","二層","七層","華廈(10層含以下有電梯)","住家用","0730519","97.42","3","2","2","有","無","18600000","190926","","0",82.93,0,8.77,"有"
"263","北投區","房地(土地+建物)","臺北市北投區同德街４０巷６號四樓","31.01","住","1110527","土地1建物1車位0","四層","五層","公寓(5樓含以下無電梯)","住家用","0730619","116.67","2","2","1","有","有","15120000","129596","","0",95.02,0,11.48,"無"
"264","信義區","房地(土地+建物)","臺北市信義區忠孝東路五段２９５巷５２號","40.0","住","1110421","土地1建物1車位0","全","三層","透天厝","住家用","0510201","112.89","4","3","2","有","無","25500000","225884","","0",112.89,0,0,"無"
"265","中山區","房地(土地+建物)+車位","臺北市中山區長安西路１６號十二樓","17.47","商","1110426","土地2建物1車位1","十二層","十四層","住宅大樓(11層含以上有電梯)","住家用","0941109","169.47","4","2","2","有","有","45000000","283753","坡道機械","2000000",91.22,0,12.68,"有"
"266","內湖區","房地(土地+建物)","臺北市內湖區康樂街６１巷７９弄７號五樓","30.73","住","1110405","土地1建物1車位0","五層","五層","公寓(5樓含以下無電梯)","住家用","0731019","85.19","2","2","2","有","無","11980000","140627","","0",78.18,0,7.01,"無"
"267","大安區","房地(土地+建物)+車位","臺北市大安區大安路二段８２號十二樓","49.57","住","1110414","土地1建物1車位2","十二層","二十一層","住宅大樓(11層含以上有電梯)","住家用","1100831","369.67","4","2","2","有","有","153200000","482743","坡道平面","7600000",172.94,10.41,17.39,"有"
"268","大安區","車位","臺北市大安區大安路二段８０號","0.64","住","1110414","土地1建物1車位1","一層","二十一層","其他","住家用","1100831","34.03","0","0","0","有","有","3800000","","坡道平面","3800000",0,0,0,"有"
"269","文山區","房地(土地+建物)","臺北市文山區羅斯福路五段２１８巷２２號五樓","27.26","住","1110323","土地1建物1車位0","五層","五層","公寓(5樓含以下無電梯)","住家用","0680404","93.31","3","2","2","有","無","12000000","128604","","0",81.55,0,11.76,"無"
"270","內湖區","房地(土地+建物)+車位","臺北市內湖區安泰街１２５巷６號四樓之１","42.44","住","1110327","土地1建物1車位1","四層","十層","華廈(10層含以下有電梯)","住家用","0980121","174.37","3","2","2","有","有","24060000","159002","坡道平面","2000000",92.73,3.46,10.99,"有"
"271","士林區","房地(土地+建物)+車位","臺北市士林區社正路４１號六樓","16.44","商","1110330","土地1建物1車位1","六層","九層","華廈(10層含以下有電梯)","住家用","1040825","120.92","2","2","1","有","有","20020000","165564","升降機械","0",58.54,8.55,4.22,"有"
"272","中山區","房地(土地+建物)","臺北市中山區長春路１００號五樓之３","6.46","商","1110228","土地1建物1車位0","五層","十二層","住宅大樓(11層含以上有電梯)","住家用","0640626","55.25","0","0","0","無","有","10527000","190534","","0",40.94,0,4.48,"有"
"273","內湖區","房地(土地+建物)+車位","臺北市內湖區內湖路三段３６號二樓","27.45","住","1110225","土地2建物1車位1","二層","十五層","住宅大樓(11層含以上有電梯)","住家用","1080418","182.25","3","2","2","有","有","36000000","197531","坡道平面","0",82.47,7.96,8.27,"有"
"274","大安區","房地(土地+建物)","臺北市大安區羅斯福路三段２６９巷６之１號","9.65","商","1110117","土地1建物1車位0","一層","七層","華廈(10層含以下有電梯)","住家用","","50.06","0","1","1","有","無","11000000","219736","","0",24.72,25.34,0,"有"
"275","信義區","房地(土地+建物)+車位","臺北市信義區永吉路３０２號九樓","17.02","商","1101213","土地3建物1車位2","九層","十四層","住宅大樓(11層含以上有電梯)","住家用","0841016","193.60000000000002","4","2","2","有","有","40280000","243327","坡道機械","4000000",147.14,2.44,10,"有"
"276","萬華區","房地(土地+建物)","臺北市萬華區環河南路二段２５號五樓","8.47","商","1100825","土地2建物1車位0","五層","二十四層","住宅大樓(11層含以上有電梯)","住家用","1090807","90.47","2","1","1","有","有","18100000","200044","","0",53.82,3.16,3.89,"有"
"277","信義區","房地(土地+建物)","臺北市信義區信義路五段１５０巷３３０號六樓之９","6.81","住","1100813","土地1建物1車位0","六層","十三層","住宅大樓(11層含以上有電梯)","住家用","0980408","49.08","1","1","1","有","有","12400000","252649","","0",22.17,4.26,3.75,"有"
"278","萬華區","房地(土地+建物)","臺北市萬華區成都路１３９號十五樓之２","1.86","商","1100114","土地1建物1車位0","十五層","十五層","住宅大樓(11層含以上有電梯)","住家用","1041001","27.1","1","1","1","有","有","5250000","193655","","0",16.43,0,1.47,"有"
"279","大安區","房地(土地+建物)+車位","臺北市大安區杭州南路二段６１巷３４號三樓","32.89","住","1091212","土地1建物1車位1","三層","七層","華廈(10層含以下有電梯)","住家用","1110510","161.07","2","2","2","有","有","45420000","332892","升降平面","2700000",69.15,4.17,7.38,"有"
"280","中山區","房地(土地+建物)+車位","臺北市中山區南京東路一段１７號十五樓之２","23.91","商","1070117","土地1建物1車位2","十五層","二十三層","住宅大樓(11層含以上有電梯)","住家用","1100823","405.13","3","2","3","有","有","144590000","412384","坡道平面","6800000",197.74,5.14,20.45,"有"
